S	SDL_AudioSpec	12	4
F	SDL_AudioSpec	channels	channels	4
F	SDL_AudioSpec	freq	freq	8
S	SDL_FColor	16	4
F	SDL_FColor	r	r	0
F	SDL_FColor	g	g	4
F	SDL_FColor	b	b	8
F	SDL_FColor	a	a	12
S	SDL_FPoint	8	4
F	SDL_FPoint	x	x	0
F	SDL_FPoint	y	y	4
S	SDL_Rect	16	4
F	SDL_Rect	x	x	0
F	SDL_Rect	y	y	4
F	SDL_Rect	w	w	8
F	SDL_Rect	h	h	12
S	SDL_FRect	16	4
F	SDL_FRect	x	x	0
F	SDL_FRect	y	y	4
F	SDL_FRect	w	w	8
F	SDL_FRect	h	h	12
E	SDL_FlipMode	4	4
V	SDL_FlipMode	SDL_FLIP_NONE	FLIP_NONE	0
V	SDL_FlipMode	SDL_FLIP_HORIZONTAL	FLIP_HORIZONTAL	1
V	SDL_FlipMode	SDL_FLIP_VERTICAL	FLIP_VERTICAL	2
S	SDL_KeyboardEvent	40	8
F	SDL_KeyboardEvent	timestamp	timestamp	8
F	SDL_KeyboardEvent	windowID	windowID	16
F	SDL_KeyboardEvent	which	which	20
F	SDL_KeyboardEvent	key	key	28
F	SDL_KeyboardEvent	mod	mod	32
F	SDL_KeyboardEvent	raw	raw	34
F	SDL_KeyboardEvent	down	down	36
F	SDL_KeyboardEvent	repeat	repeat	37
S	SDL_MouseMotionEvent	48	8
F	SDL_MouseMotionEvent	timestamp	timestamp	8
F	SDL_MouseMotionEvent	windowID	windowID	16
F	SDL_MouseMotionEvent	which	which	20
F	SDL_MouseMotionEvent	state	state	24
F	SDL_MouseMotionEvent	x	x	28
F	SDL_MouseMotionEvent	y	y	32
F	SDL_MouseMotionEvent	xrel	xrel	36
F	SDL_MouseMotionEvent	yrel	yrel	40
S	SDL_MouseButtonEvent	40	8
F	SDL_MouseButtonEvent	timestamp	timestamp	8
F	SDL_MouseButtonEvent	windowID	windowID	16
F	SDL_MouseButtonEvent	which	which	20
F	SDL_MouseButtonEvent	button	button	24
F	SDL_MouseButtonEvent	down	down	25
F	SDL_MouseButtonEvent	clicks	clicks	26
F	SDL_MouseButtonEvent	x	x	28
F	SDL_MouseButtonEvent	y	y	32
S	SDL_MouseWheelEvent	56	8
F	SDL_MouseWheelEvent	timestamp	timestamp	8
F	SDL_MouseWheelEvent	windowID	windowID	16
F	SDL_MouseWheelEvent	which	which	20
F	SDL_MouseWheelEvent	x	x	24
F	SDL_MouseWheelEvent	y	y	28
F	SDL_MouseWheelEvent	mouse_x	mouse_x	36
F	SDL_MouseWheelEvent	mouse_y	mouse_y	40
F	SDL_MouseWheelEvent	integer_x	integer_x	44
F	SDL_MouseWheelEvent	integer_y	integer_y	48
S	SDL_Event	128	8
F	SDL_Event	type	event_type	0
E	SDL_GPUPrimitiveType	4	4
V	SDL_GPUPrimitiveType	SDL_GPU_PRIMITIVETYPE_TRIANGLELIST	PRIMITIVETYPE_TRIANGLELIST	0
V	SDL_GPUPrimitiveType	SDL_GPU_PRIMITIVETYPE_TRIANGLESTRIP	PRIMITIVETYPE_TRIANGLESTRIP	1
V	SDL_GPUPrimitiveType	SDL_GPU_PRIMITIVETYPE_LINELIST	PRIMITIVETYPE_LINELIST	2
V	SDL_GPUPrimitiveType	SDL_GPU_PRIMITIVETYPE_LINESTRIP	PRIMITIVETYPE_LINESTRIP	3
V	SDL_GPUPrimitiveType	SDL_GPU_PRIMITIVETYPE_POINTLIST	PRIMITIVETYPE_POINTLIST	4
E	SDL_GPULoadOp	4	4
V	SDL_GPULoadOp	SDL_GPU_LOADOP_LOAD	LOADOP_LOAD	0
V	SDL_GPULoadOp	SDL_GPU_LOADOP_CLEAR	LOADOP_CLEAR	1
V	SDL_GPULoadOp	SDL_GPU_LOADOP_DONT_CARE	LOADOP_DONT_CARE	2
E	SDL_GPUStoreOp	4	4
V	SDL_GPUStoreOp	SDL_GPU_STOREOP_STORE	STOREOP_STORE	0
V	SDL_GPUStoreOp	SDL_GPU_STOREOP_DONT_CARE	STOREOP_DONT_CARE	1
V	SDL_GPUStoreOp	SDL_GPU_STOREOP_RESOLVE	STOREOP_RESOLVE	2
V	SDL_GPUStoreOp	SDL_GPU_STOREOP_RESOLVE_AND_STORE	STOREOP_RESOLVE_AND_STORE	3
E	SDL_GPUIndexElementSize	4	4
V	SDL_GPUIndexElementSize	SDL_GPU_INDEXELEMENTSIZE_16BIT	INDEXELEMENTSIZE_16BIT	0
V	SDL_GPUIndexElementSize	SDL_GPU_INDEXELEMENTSIZE_32BIT	INDEXELEMENTSIZE_32BIT	1
E	SDL_GPUTextureFormat	4	4
V	SDL_GPUTextureFormat	SDL_GPU_TEXTUREFORMAT_INVALID	TEXTUREFORMAT_INVALID	0
V	SDL_GPUTextureFormat	SDL_GPU_TEXTUREFORMAT_A8_UNORM	TEXTUREFORMAT_A8_UNORM	1
V	SDL_GPUTextureFormat	SDL_GPU_TEXTUREFORMAT_R8_UNORM	TEXTUREFORMAT_R8_UNORM	2
V	SDL_GPUTextureFormat	SDL_GPU_TEXTUREFORMAT_R8G8_UNORM	TEXTUREFORMAT_R8G8_UNORM	3
V	SDL_GPUTextureFormat	SDL_GPU_TEXTUREFORMAT_R8G8B8A8_UNORM	TEXTUREFORMAT_R8G8B8A8_UNORM	4
V	SDL_GPUTextureFormat	SDL_GPU_TEXTUREFORMAT_R16_UNORM	TEXTUREFORMAT_R16_UNORM	5
V	SDL_GPUTextureFormat	SDL_GPU_TEXTUREFORMAT_R16G16_UNORM	TEXTUREFORMAT_R16G16_UNORM	6
V	SDL_GPUTextureFormat	SDL_GPU_TEXTUREFORMAT_R16G16B16A16_UNORM	TEXTUREFORMAT_R16G16B16A16_UNORM	7
V	SDL_GPUTextureFormat	SDL_GPU_TEXTUREFORMAT_R10G10B10A2_UNORM	TEXTUREFORMAT_R10G10B10A2_UNORM	8
V	SDL_GPUTextureFormat	SDL_GPU_TEXTUREFORMAT_B5G6R5_UNORM	TEXTUREFORMAT_B5G6R5_UNORM	9
V	SDL_GPUTextureFormat	SDL_GPU_TEXTUREFORMAT_B5G5R5A1_UNORM	TEXTUREFORMAT_B5G5R5A1_UNORM	10
V	SDL_GPUTextureFormat	SDL_GPU_TEXTUREFORMAT_B4G4R4A4_UNORM	TEXTUREFORMAT_B4G4R4A4_UNORM	11
V	SDL_GPUTextureFormat	SDL_GPU_TEXTUREFORMAT_B8G8R8A8_UNORM	TEXTUREFORMAT_B8G8R8A8_UNORM	12
V	SDL_GPUTextureFormat	SDL_GPU_TEXTUREFORMAT_BC1_RGBA_UNORM	TEXTUREFORMAT_BC1_RGBA_UNORM	13
V	SDL_GPUTextureFormat	SDL_GPU_TEXTUREFORMAT_BC2_RGBA_UNORM	TEXTUREFORMAT_BC2_RGBA_UNORM	14
V	SDL_GPUTextureFormat	SDL_GPU_TEXTUREFORMAT_BC3_RGBA_UNORM	TEXTUREFORMAT_BC3_RGBA_UNORM	15
V	SDL_GPUTextureFormat	SDL_GPU_TEXTUREFORMAT_BC4_R_UNORM	TEXTUREFORMAT_BC4_R_UNORM	16
V	SDL_GPUTextureFormat	SDL_GPU_TEXTUREFORMAT_BC5_RG_UNORM	TEXTUREFORMAT_BC5_RG_UNORM	17
V	SDL_GPUTextureFormat	SDL_GPU_TEXTUREFORMAT_BC7_RGBA_UNORM	TEXTUREFORMAT_BC7_RGBA_UNORM	18
V	SDL_GPUTextureFormat	SDL_GPU_TEXTUREFORMAT_BC6H_RGB_FLOAT	TEXTUREFORMAT_BC6H_RGB_FLOAT	19
V	SDL_GPUTextureFormat	SDL_GPU_TEXTUREFORMAT_BC6H_RGB_UFLOAT	TEXTUREFORMAT_BC6H_RGB_UFLOAT	20
V	SDL_GPUTextureFormat	SDL_GPU_TEXTUREFORMAT_R8_SNORM	TEXTUREFORMAT_R8_SNORM	21
V	SDL_GPUTextureFormat	SDL_GPU_TEXTUREFORMAT_R8G8_SNORM	TEXTUREFORMAT_R8G8_SNORM	22
V	SDL_GPUTextureFormat	SDL_GPU_TEXTUREFORMAT_R8G8B8A8_SNORM	TEXTUREFORMAT_R8G8B8A8_SNORM	23
V	SDL_GPUTextureFormat	SDL_GPU_TEXTUREFORMAT_R16_SNORM	TEXTUREFORMAT_R16_SNORM	24
V	SDL_GPUTextureFormat	SDL_GPU_TEXTUREFORMAT_R16G16_SNORM	TEXTUREFORMAT_R16G16_SNORM	25
V	SDL_GPUTextureFormat	SDL_GPU_TEXTUREFORMAT_R16G16B16A16_SNORM	TEXTUREFORMAT_R16G16B16A16_SNORM	26
V	SDL_GPUTextureFormat	SDL_GPU_TEXTUREFORMAT_R16_FLOAT	TEXTUREFORMAT_R16_FLOAT	27
V	SDL_GPUTextureFormat	SDL_GPU_TEXTUREFORMAT_R16G16_FLOAT	TEXTUREFORMAT_R16G16_FLOAT	28
V	SDL_GPUTextureFormat	SDL_GPU_TEXTUREFORMAT_R16G16B16A16_FLOAT	TEXTUREFORMAT_R16G16B16A16_FLOAT	29
V	SDL_GPUTextureFormat	SDL_GPU_TEXTUREFORMAT_R32_FLOAT	TEXTUREFORMAT_R32_FLOAT	30
V	SDL_GPUTextureFormat	SDL_GPU_TEXTUREFORMAT_R32G32_FLOAT	TEXTUREFORMAT_R32G32_FLOAT	31
V	SDL_GPUTextureFormat	SDL_GPU_TEXTUREFORMAT_R32G32B32A32_FLOAT	TEXTUREFORMAT_R32G32B32A32_FLOAT	32
V	SDL_GPUTextureFormat	SDL_GPU_TEXTUREFORMAT_R11G11B10_UFLOAT	TEXTUREFORMAT_R11G11B10_UFLOAT	33
V	SDL_GPUTextureFormat	SDL_GPU_TEXTUREFORMAT_R8_UINT	TEXTUREFORMAT_R8_UINT	34
V	SDL_GPUTextureFormat	SDL_GPU_TEXTUREFORMAT_R8G8_UINT	TEXTUREFORMAT_R8G8_UINT	35
V	SDL_GPUTextureFormat	SDL_GPU_TEXTUREFORMAT_R8G8B8A8_UINT	TEXTUREFORMAT_R8G8B8A8_UINT	36
V	SDL_GPUTextureFormat	SDL_GPU_TEXTUREFORMAT_R16_UINT	TEXTUREFORMAT_R16_UINT	37
V	SDL_GPUTextureFormat	SDL_GPU_TEXTUREFORMAT_R16G16_UINT	TEXTUREFORMAT_R16G16_UINT	38
V	SDL_GPUTextureFormat	SDL_GPU_TEXTUREFORMAT_R16G16B16A16_UINT	TEXTUREFORMAT_R16G16B16A16_UINT	39
V	SDL_GPUTextureFormat	SDL_GPU_TEXTUREFORMAT_R32_UINT	TEXTUREFORMAT_R32_UINT	40
V	SDL_GPUTextureFormat	SDL_GPU_TEXTUREFORMAT_R32G32_UINT	TEXTUREFORMAT_R32G32_UINT	41
V	SDL_GPUTextureFormat	SDL_GPU_TEXTUREFORMAT_R32G32B32A32_UINT	TEXTUREFORMAT_R32G32B32A32_UINT	42
V	SDL_GPUTextureFormat	SDL_GPU_TEXTUREFORMAT_R8_INT	TEXTUREFORMAT_R8_INT	43
V	SDL_GPUTextureFormat	SDL_GPU_TEXTUREFORMAT_R8G8_INT	TEXTUREFORMAT_R8G8_INT	44
V	SDL_GPUTextureFormat	SDL_GPU_TEXTUREFORMAT_R8G8B8A8_INT	TEXTUREFORMAT_R8G8B8A8_INT	45
V	SDL_GPUTextureFormat	SDL_GPU_TEXTUREFORMAT_R16_INT	TEXTUREFORMAT_R16_INT	46
V	SDL_GPUTextureFormat	SDL_GPU_TEXTUREFORMAT_R16G16_INT	TEXTUREFORMAT_R16G16_INT	47
V	SDL_GPUTextureFormat	SDL_GPU_TEXTUREFORMAT_R16G16B16A16_INT	TEXTUREFORMAT_R16G16B16A16_INT	48
V	SDL_GPUTextureFormat	SDL_GPU_TEXTUREFORMAT_R32_INT	TEXTUREFORMAT_R32_INT	49
V	SDL_GPUTextureFormat	SDL_GPU_TEXTUREFORMAT_R32G32_INT	TEXTUREFORMAT_R32G32_INT	50
V	SDL_GPUTextureFormat	SDL_GPU_TEXTUREFORMAT_R32G32B32A32_INT	TEXTUREFORMAT_R32G32B32A32_INT	51
V	SDL_GPUTextureFormat	SDL_GPU_TEXTUREFORMAT_R8G8B8A8_UNORM_SRGB	TEXTUREFORMAT_R8G8B8A8_UNORM_SRGB	52
V	SDL_GPUTextureFormat	SDL_GPU_TEXTUREFORMAT_B8G8R8A8_UNORM_SRGB	TEXTUREFORMAT_B8G8R8A8_UNORM_SRGB	53
V	SDL_GPUTextureFormat	SDL_GPU_TEXTUREFORMAT_BC1_RGBA_UNORM_SRGB	TEXTUREFORMAT_BC1_RGBA_UNORM_SRGB	54
V	SDL_GPUTextureFormat	SDL_GPU_TEXTUREFORMAT_BC2_RGBA_UNORM_SRGB	TEXTUREFORMAT_BC2_RGBA_UNORM_SRGB	55
V	SDL_GPUTextureFormat	SDL_GPU_TEXTUREFORMAT_BC3_RGBA_UNORM_SRGB	TEXTUREFORMAT_BC3_RGBA_UNORM_SRGB	56
V	SDL_GPUTextureFormat	SDL_GPU_TEXTUREFORMAT_BC7_RGBA_UNORM_SRGB	TEXTUREFORMAT_BC7_RGBA_UNORM_SRGB	57
V	SDL_GPUTextureFormat	SDL_GPU_TEXTUREFORMAT_D16_UNORM	TEXTUREFORMAT_D16_UNORM	58
V	SDL_GPUTextureFormat	SDL_GPU_TEXTUREFORMAT_D24_UNORM	TEXTUREFORMAT_D24_UNORM	59
V	SDL_GPUTextureFormat	SDL_GPU_TEXTUREFORMAT_D32_FLOAT	TEXTUREFORMAT_D32_FLOAT	60
V	SDL_GPUTextureFormat	SDL_GPU_TEXTUREFORMAT_D24_UNORM_S8_UINT	TEXTUREFORMAT_D24_UNORM_S8_UINT	61
V	SDL_GPUTextureFormat	SDL_GPU_TEXTUREFORMAT_D32_FLOAT_S8_UINT	TEXTUREFORMAT_D32_FLOAT_S8_UINT	62
V	SDL_GPUTextureFormat	SDL_GPU_TEXTUREFORMAT_ASTC_4x4_UNORM	TEXTUREFORMAT_ASTC_4x4_UNORM	63
V	SDL_GPUTextureFormat	SDL_GPU_TEXTUREFORMAT_ASTC_5x4_UNORM	TEXTUREFORMAT_ASTC_5x4_UNORM	64
V	SDL_GPUTextureFormat	SDL_GPU_TEXTUREFORMAT_ASTC_5x5_UNORM	TEXTUREFORMAT_ASTC_5x5_UNORM	65
V	SDL_GPUTextureFormat	SDL_GPU_TEXTUREFORMAT_ASTC_6x5_UNORM	TEXTUREFORMAT_ASTC_6x5_UNORM	66
V	SDL_GPUTextureFormat	SDL_GPU_TEXTUREFORMAT_ASTC_6x6_UNORM	TEXTUREFORMAT_ASTC_6x6_UNORM	67
V	SDL_GPUTextureFormat	SDL_GPU_TEXTUREFORMAT_ASTC_8x5_UNORM	TEXTUREFORMAT_ASTC_8x5_UNORM	68
V	SDL_GPUTextureFormat	SDL_GPU_TEXTUREFORMAT_ASTC_8x6_UNORM	TEXTUREFORMAT_ASTC_8x6_UNORM	69
V	SDL_GPUTextureFormat	SDL_GPU_TEXTUREFORMAT_ASTC_8x8_UNORM	TEXTUREFORMAT_ASTC_8x8_UNORM	70
V	SDL_GPUTextureFormat	SDL_GPU_TEXTUREFORMAT_ASTC_10x5_UNORM	TEXTUREFORMAT_ASTC_10x5_UNORM	71
V	SDL_GPUTextureFormat	SDL_GPU_TEXTUREFORMAT_ASTC_10x6_UNORM	TEXTUREFORMAT_ASTC_10x6_UNORM	72
V	SDL_GPUTextureFormat	SDL_GPU_TEXTUREFORMAT_ASTC_10x8_UNORM	TEXTUREFORMAT_ASTC_10x8_UNORM	73
V	SDL_GPUTextureFormat	SDL_GPU_TEXTUREFORMAT_ASTC_10x10_UNORM	TEXTUREFORMAT_ASTC_10x10_UNORM	74
V	SDL_GPUTextureFormat	SDL_GPU_TEXTUREFORMAT_ASTC_12x10_UNORM	TEXTUREFORMAT_ASTC_12x10_UNORM	75
V	SDL_GPUTextureFormat	SDL_GPU_TEXTUREFORMAT_ASTC_12x12_UNORM	TEXTUREFORMAT_ASTC_12x12_UNORM	76
V	SDL_GPUTextureFormat	SDL_GPU_TEXTUREFORMAT_ASTC_4x4_UNORM_SRGB	TEXTUREFORMAT_ASTC_4x4_UNORM_SRGB	77
V	SDL_GPUTextureFormat	SDL_GPU_TEXTUREFORMAT_ASTC_5x4_UNORM_SRGB	TEXTUREFORMAT_ASTC_5x4_UNORM_SRGB	78
V	SDL_GPUTextureFormat	SDL_GPU_TEXTUREFORMAT_ASTC_5x5_UNORM_SRGB	TEXTUREFORMAT_ASTC_5x5_UNORM_SRGB	79
V	SDL_GPUTextureFormat	SDL_GPU_TEXTUREFORMAT_ASTC_6x5_UNORM_SRGB	TEXTUREFORMAT_ASTC_6x5_UNORM_SRGB	80
V	SDL_GPUTextureFormat	SDL_GPU_TEXTUREFORMAT_ASTC_6x6_UNORM_SRGB	TEXTUREFORMAT_ASTC_6x6_UNORM_SRGB	81
V	SDL_GPUTextureFormat	SDL_GPU_TEXTUREFORMAT_ASTC_8x5_UNORM_SRGB	TEXTUREFORMAT_ASTC_8x5_UNORM_SRGB	82
V	SDL_GPUTextureFormat	SDL_GPU_TEXTUREFORMAT_ASTC_8x6_UNORM_SRGB	TEXTUREFORMAT_ASTC_8x6_UNORM_SRGB	83
V	SDL_GPUTextureFormat	SDL_GPU_TEXTUREFORMAT_ASTC_8x8_UNORM_SRGB	TEXTUREFORMAT_ASTC_8x8_UNORM_SRGB	84
V	SDL_GPUTextureFormat	SDL_GPU_TEXTUREFORMAT_ASTC_10x5_UNORM_SRGB	TEXTUREFORMAT_ASTC_10x5_UNORM_SRGB	85
V	SDL_GPUTextureFormat	SDL_GPU_TEXTUREFORMAT_ASTC_10x6_UNORM_SRGB	TEXTUREFORMAT_ASTC_10x6_UNORM_SRGB	86
V	SDL_GPUTextureFormat	SDL_GPU_TEXTUREFORMAT_ASTC_10x8_UNORM_SRGB	TEXTUREFORMAT_ASTC_10x8_UNORM_SRGB	87
V	SDL_GPUTextureFormat	SDL_GPU_TEXTUREFORMAT_ASTC_10x10_UNORM_SRGB	TEXTUREFORMAT_ASTC_10x10_UNORM_SRGB	88
V	SDL_GPUTextureFormat	SDL_GPU_TEXTUREFORMAT_ASTC_12x10_UNORM_SRGB	TEXTUREFORMAT_ASTC_12x10_UNORM_SRGB	89
V	SDL_GPUTextureFormat	SDL_GPU_TEXTUREFORMAT_ASTC_12x12_UNORM_SRGB	TEXTUREFORMAT_ASTC_12x12_UNORM_SRGB	90
V	SDL_GPUTextureFormat	SDL_GPU_TEXTUREFORMAT_ASTC_4x4_FLOAT	TEXTUREFORMAT_ASTC_4x4_FLOAT	91
V	SDL_GPUTextureFormat	SDL_GPU_TEXTUREFORMAT_ASTC_5x4_FLOAT	TEXTUREFORMAT_ASTC_5x4_FLOAT	92
V	SDL_GPUTextureFormat	SDL_GPU_TEXTUREFORMAT_ASTC_5x5_FLOAT	TEXTUREFORMAT_ASTC_5x5_FLOAT	93
V	SDL_GPUTextureFormat	SDL_GPU_TEXTUREFORMAT_ASTC_6x5_FLOAT	TEXTUREFORMAT_ASTC_6x5_FLOAT	94
V	SDL_GPUTextureFormat	SDL_GPU_TEXTUREFORMAT_ASTC_6x6_FLOAT	TEXTUREFORMAT_ASTC_6x6_FLOAT	95
V	SDL_GPUTextureFormat	SDL_GPU_TEXTUREFORMAT_ASTC_8x5_FLOAT	TEXTUREFORMAT_ASTC_8x5_FLOAT	96
V	SDL_GPUTextureFormat	SDL_GPU_TEXTUREFORMAT_ASTC_8x6_FLOAT	TEXTUREFORMAT_ASTC_8x6_FLOAT	97
V	SDL_GPUTextureFormat	SDL_GPU_TEXTUREFORMAT_ASTC_8x8_FLOAT	TEXTUREFORMAT_ASTC_8x8_FLOAT	98
V	SDL_GPUTextureFormat	SDL_GPU_TEXTUREFORMAT_ASTC_10x5_FLOAT	TEXTUREFORMAT_ASTC_10x5_FLOAT	99
V	SDL_GPUTextureFormat	SDL_GPU_TEXTUREFORMAT_ASTC_10x6_FLOAT	TEXTUREFORMAT_ASTC_10x6_FLOAT	100
V	SDL_GPUTextureFormat	SDL_GPU_TEXTUREFORMAT_ASTC_10x8_FLOAT	TEXTUREFORMAT_ASTC_10x8_FLOAT	101
V	SDL_GPUTextureFormat	SDL_GPU_TEXTUREFORMAT_ASTC_10x10_FLOAT	TEXTUREFORMAT_ASTC_10x10_FLOAT	102
V	SDL_GPUTextureFormat	SDL_GPU_TEXTUREFORMAT_ASTC_12x10_FLOAT	TEXTUREFORMAT_ASTC_12x10_FLOAT	103
V	SDL_GPUTextureFormat	SDL_GPU_TEXTUREFORMAT_ASTC_12x12_FLOAT	TEXTUREFORMAT_ASTC_12x12_FLOAT	104
E	SDL_GPUTextureType	4	4
V	SDL_GPUTextureType	SDL_GPU_TEXTURETYPE_2D	TEXTURETYPE_2D	0
V	SDL_GPUTextureType	SDL_GPU_TEXTURETYPE_2D_ARRAY	TEXTURETYPE_2D_ARRAY	1
V	SDL_GPUTextureType	SDL_GPU_TEXTURETYPE_3D	TEXTURETYPE_3D	2
V	SDL_GPUTextureType	SDL_GPU_TEXTURETYPE_CUBE	TEXTURETYPE_CUBE	3
V	SDL_GPUTextureType	SDL_GPU_TEXTURETYPE_CUBE_ARRAY	TEXTURETYPE_CUBE_ARRAY	4
E	SDL_GPUSampleCount	4	4
V	SDL_GPUSampleCount	SDL_GPU_SAMPLECOUNT_1	SAMPLECOUNT_1	0
V	SDL_GPUSampleCount	SDL_GPU_SAMPLECOUNT_2	SAMPLECOUNT_2	1
V	SDL_GPUSampleCount	SDL_GPU_SAMPLECOUNT_4	SAMPLECOUNT_4	2
V	SDL_GPUSampleCount	SDL_GPU_SAMPLECOUNT_8	SAMPLECOUNT_8	3
E	SDL_GPUCubeMapFace	4	4
V	SDL_GPUCubeMapFace	SDL_GPU_CUBEMAPFACE_POSITIVEX	CUBEMAPFACE_POSITIVEX	0
V	SDL_GPUCubeMapFace	SDL_GPU_CUBEMAPFACE_NEGATIVEX	CUBEMAPFACE_NEGATIVEX	1
V	SDL_GPUCubeMapFace	SDL_GPU_CUBEMAPFACE_POSITIVEY	CUBEMAPFACE_POSITIVEY	2
V	SDL_GPUCubeMapFace	SDL_GPU_CUBEMAPFACE_NEGATIVEY	CUBEMAPFACE_NEGATIVEY	3
V	SDL_GPUCubeMapFace	SDL_GPU_CUBEMAPFACE_POSITIVEZ	CUBEMAPFACE_POSITIVEZ	4
V	SDL_GPUCubeMapFace	SDL_GPU_CUBEMAPFACE_NEGATIVEZ	CUBEMAPFACE_NEGATIVEZ	5
E	SDL_GPUTransferBufferUsage	4	4
V	SDL_GPUTransferBufferUsage	SDL_GPU_TRANSFERBUFFERUSAGE_UPLOAD	TRANSFERBUFFERUSAGE_UPLOAD	0
V	SDL_GPUTransferBufferUsage	SDL_GPU_TRANSFERBUFFERUSAGE_DOWNLOAD	TRANSFERBUFFERUSAGE_DOWNLOAD	1
E	SDL_GPUShaderStage	4	4
V	SDL_GPUShaderStage	SDL_GPU_SHADERSTAGE_VERTEX	SHADERSTAGE_VERTEX	0
V	SDL_GPUShaderStage	SDL_GPU_SHADERSTAGE_FRAGMENT	SHADERSTAGE_FRAGMENT	1
E	SDL_GPUVertexElementFormat	4	4
V	SDL_GPUVertexElementFormat	SDL_GPU_VERTEXELEMENTFORMAT_INVALID	VERTEXELEMENTFORMAT_INVALID	0
V	SDL_GPUVertexElementFormat	SDL_GPU_VERTEXELEMENTFORMAT_INT	VERTEXELEMENTFORMAT_INT	1
V	SDL_GPUVertexElementFormat	SDL_GPU_VERTEXELEMENTFORMAT_INT2	VERTEXELEMENTFORMAT_INT2	2
V	SDL_GPUVertexElementFormat	SDL_GPU_VERTEXELEMENTFORMAT_INT3	VERTEXELEMENTFORMAT_INT3	3
V	SDL_GPUVertexElementFormat	SDL_GPU_VERTEXELEMENTFORMAT_INT4	VERTEXELEMENTFORMAT_INT4	4
V	SDL_GPUVertexElementFormat	SDL_GPU_VERTEXELEMENTFORMAT_UINT	VERTEXELEMENTFORMAT_UINT	5
V	SDL_GPUVertexElementFormat	SDL_GPU_VERTEXELEMENTFORMAT_UINT2	VERTEXELEMENTFORMAT_UINT2	6
V	SDL_GPUVertexElementFormat	SDL_GPU_VERTEXELEMENTFORMAT_UINT3	VERTEXELEMENTFORMAT_UINT3	7
V	SDL_GPUVertexElementFormat	SDL_GPU_VERTEXELEMENTFORMAT_UINT4	VERTEXELEMENTFORMAT_UINT4	8
V	SDL_GPUVertexElementFormat	SDL_GPU_VERTEXELEMENTFORMAT_FLOAT	VERTEXELEMENTFORMAT_FLOAT	9
V	SDL_GPUVertexElementFormat	SDL_GPU_VERTEXELEMENTFORMAT_FLOAT2	VERTEXELEMENTFORMAT_FLOAT2	10
V	SDL_GPUVertexElementFormat	SDL_GPU_VERTEXELEMENTFORMAT_FLOAT3	VERTEXELEMENTFORMAT_FLOAT3	11
V	SDL_GPUVertexElementFormat	SDL_GPU_VERTEXELEMENTFORMAT_FLOAT4	VERTEXELEMENTFORMAT_FLOAT4	12
V	SDL_GPUVertexElementFormat	SDL_GPU_VERTEXELEMENTFORMAT_BYTE2	VERTEXELEMENTFORMAT_BYTE2	13
V	SDL_GPUVertexElementFormat	SDL_GPU_VERTEXELEMENTFORMAT_BYTE4	VERTEXELEMENTFORMAT_BYTE4	14
V	SDL_GPUVertexElementFormat	SDL_GPU_VERTEXELEMENTFORMAT_UBYTE2	VERTEXELEMENTFORMAT_UBYTE2	15
V	SDL_GPUVertexElementFormat	SDL_GPU_VERTEXELEMENTFORMAT_UBYTE4	VERTEXELEMENTFORMAT_UBYTE4	16
V	SDL_GPUVertexElementFormat	SDL_GPU_VERTEXELEMENTFORMAT_BYTE2_NORM	VERTEXELEMENTFORMAT_BYTE2_NORM	17
V	SDL_GPUVertexElementFormat	SDL_GPU_VERTEXELEMENTFORMAT_BYTE4_NORM	VERTEXELEMENTFORMAT_BYTE4_NORM	18
V	SDL_GPUVertexElementFormat	SDL_GPU_VERTEXELEMENTFORMAT_UBYTE2_NORM	VERTEXELEMENTFORMAT_UBYTE2_NORM	19
V	SDL_GPUVertexElementFormat	SDL_GPU_VERTEXELEMENTFORMAT_UBYTE4_NORM	VERTEXELEMENTFORMAT_UBYTE4_NORM	20
V	SDL_GPUVertexElementFormat	SDL_GPU_VERTEXELEMENTFORMAT_SHORT2	VERTEXELEMENTFORMAT_SHORT2	21
V	SDL_GPUVertexElementFormat	SDL_GPU_VERTEXELEMENTFORMAT_SHORT4	VERTEXELEMENTFORMAT_SHORT4	22
V	SDL_GPUVertexElementFormat	SDL_GPU_VERTEXELEMENTFORMAT_USHORT2	VERTEXELEMENTFORMAT_USHORT2	23
V	SDL_GPUVertexElementFormat	SDL_GPU_VERTEXELEMENTFORMAT_USHORT4	VERTEXELEMENTFORMAT_USHORT4	24
V	SDL_GPUVertexElementFormat	SDL_GPU_VERTEXELEMENTFORMAT_SHORT2_NORM	VERTEXELEMENTFORMAT_SHORT2_NORM	25
V	SDL_GPUVertexElementFormat	SDL_GPU_VERTEXELEMENTFORMAT_SHORT4_NORM	VERTEXELEMENTFORMAT_SHORT4_NORM	26
V	SDL_GPUVertexElementFormat	SDL_GPU_VERTEXELEMENTFORMAT_USHORT2_NORM	VERTEXELEMENTFORMAT_USHORT2_NORM	27
V	SDL_GPUVertexElementFormat	SDL_GPU_VERTEXELEMENTFORMAT_USHORT4_NORM	VERTEXELEMENTFORMAT_USHORT4_NORM	28
V	SDL_GPUVertexElementFormat	SDL_GPU_VERTEXELEMENTFORMAT_HALF2	VERTEXELEMENTFORMAT_HALF2	29
V	SDL_GPUVertexElementFormat	SDL_GPU_VERTEXELEMENTFORMAT_HALF4	VERTEXELEMENTFORMAT_HALF4	30
E	SDL_GPUVertexInputRate	4	4
V	SDL_GPUVertexInputRate	SDL_GPU_VERTEXINPUTRATE_VERTEX	VERTEXINPUTRATE_VERTEX	0
V	SDL_GPUVertexInputRate	SDL_GPU_VERTEXINPUTRATE_INSTANCE	VERTEXINPUTRATE_INSTANCE	1
E	SDL_GPUFillMode	4	4
V	SDL_GPUFillMode	SDL_GPU_FILLMODE_FILL	FILLMODE_FILL	0
V	SDL_GPUFillMode	SDL_GPU_FILLMODE_LINE	FILLMODE_LINE	1
E	SDL_GPUCullMode	4	4
V	SDL_GPUCullMode	SDL_GPU_CULLMODE_NONE	CULLMODE_NONE	0
V	SDL_GPUCullMode	SDL_GPU_CULLMODE_FRONT	CULLMODE_FRONT	1
V	SDL_GPUCullMode	SDL_GPU_CULLMODE_BACK	CULLMODE_BACK	2
E	SDL_GPUFrontFace	4	4
V	SDL_GPUFrontFace	SDL_GPU_FRONTFACE_COUNTER_CLOCKWISE	FRONTFACE_COUNTER_CLOCKWISE	0
V	SDL_GPUFrontFace	SDL_GPU_FRONTFACE_CLOCKWISE	FRONTFACE_CLOCKWISE	1
E	SDL_GPUCompareOp	4	4
V	SDL_GPUCompareOp	SDL_GPU_COMPAREOP_INVALID	COMPAREOP_INVALID	0
V	SDL_GPUCompareOp	SDL_GPU_COMPAREOP_NEVER	COMPAREOP_NEVER	1
V	SDL_GPUCompareOp	SDL_GPU_COMPAREOP_LESS	COMPAREOP_LESS	2
V	SDL_GPUCompareOp	SDL_GPU_COMPAREOP_EQUAL	COMPAREOP_EQUAL	3
V	SDL_GPUCompareOp	SDL_GPU_COMPAREOP_LESS_OR_EQUAL	COMPAREOP_LESS_OR_EQUAL	4
V	SDL_GPUCompareOp	SDL_GPU_COMPAREOP_GREATER	COMPAREOP_GREATER	5
V	SDL_GPUCompareOp	SDL_GPU_COMPAREOP_NOT_EQUAL	COMPAREOP_NOT_EQUAL	6
V	SDL_GPUCompareOp	SDL_GPU_COMPAREOP_GREATER_OR_EQUAL	COMPAREOP_GREATER_OR_EQUAL	7
V	SDL_GPUCompareOp	SDL_GPU_COMPAREOP_ALWAYS	COMPAREOP_ALWAYS	8
E	SDL_GPUStencilOp	4	4
V	SDL_GPUStencilOp	SDL_GPU_STENCILOP_INVALID	STENCILOP_INVALID	0
V	SDL_GPUStencilOp	SDL_GPU_STENCILOP_KEEP	STENCILOP_KEEP	1
V	SDL_GPUStencilOp	SDL_GPU_STENCILOP_ZERO	STENCILOP_ZERO	2
V	SDL_GPUStencilOp	SDL_GPU_STENCILOP_REPLACE	STENCILOP_REPLACE	3
V	SDL_GPUStencilOp	SDL_GPU_STENCILOP_INCREMENT_AND_CLAMP	STENCILOP_INCREMENT_AND_CLAMP	4
V	SDL_GPUStencilOp	SDL_GPU_STENCILOP_DECREMENT_AND_CLAMP	STENCILOP_DECREMENT_AND_CLAMP	5
V	SDL_GPUStencilOp	SDL_GPU_STENCILOP_INVERT	STENCILOP_INVERT	6
V	SDL_GPUStencilOp	SDL_GPU_STENCILOP_INCREMENT_AND_WRAP	STENCILOP_INCREMENT_AND_WRAP	7
V	SDL_GPUStencilOp	SDL_GPU_STENCILOP_DECREMENT_AND_WRAP	STENCILOP_DECREMENT_AND_WRAP	8
E	SDL_GPUBlendOp	4	4
V	SDL_GPUBlendOp	SDL_GPU_BLENDOP_INVALID	BLENDOP_INVALID	0
V	SDL_GPUBlendOp	SDL_GPU_BLENDOP_ADD	BLENDOP_ADD	1
V	SDL_GPUBlendOp	SDL_GPU_BLENDOP_SUBTRACT	BLENDOP_SUBTRACT	2
V	SDL_GPUBlendOp	SDL_GPU_BLENDOP_REVERSE_SUBTRACT	BLENDOP_REVERSE_SUBTRACT	3
V	SDL_GPUBlendOp	SDL_GPU_BLENDOP_MIN	BLENDOP_MIN	4
V	SDL_GPUBlendOp	SDL_GPU_BLENDOP_MAX	BLENDOP_MAX	5
E	SDL_GPUBlendFactor	4	4
V	SDL_GPUBlendFactor	SDL_GPU_BLENDFACTOR_INVALID	BLENDFACTOR_INVALID	0
V	SDL_GPUBlendFactor	SDL_GPU_BLENDFACTOR_ZERO	BLENDFACTOR_ZERO	1
V	SDL_GPUBlendFactor	SDL_GPU_BLENDFACTOR_ONE	BLENDFACTOR_ONE	2
V	SDL_GPUBlendFactor	SDL_GPU_BLENDFACTOR_SRC_COLOR	BLENDFACTOR_SRC_COLOR	3
V	SDL_GPUBlendFactor	SDL_GPU_BLENDFACTOR_ONE_MINUS_SRC_COLOR	BLENDFACTOR_ONE_MINUS_SRC_COLOR	4
V	SDL_GPUBlendFactor	SDL_GPU_BLENDFACTOR_DST_COLOR	BLENDFACTOR_DST_COLOR	5
V	SDL_GPUBlendFactor	SDL_GPU_BLENDFACTOR_ONE_MINUS_DST_COLOR	BLENDFACTOR_ONE_MINUS_DST_COLOR	6
V	SDL_GPUBlendFactor	SDL_GPU_BLENDFACTOR_SRC_ALPHA	BLENDFACTOR_SRC_ALPHA	7
V	SDL_GPUBlendFactor	SDL_GPU_BLENDFACTOR_ONE_MINUS_SRC_ALPHA	BLENDFACTOR_ONE_MINUS_SRC_ALPHA	8
V	SDL_GPUBlendFactor	SDL_GPU_BLENDFACTOR_DST_ALPHA	BLENDFACTOR_DST_ALPHA	9
V	SDL_GPUBlendFactor	SDL_GPU_BLENDFACTOR_ONE_MINUS_DST_ALPHA	BLENDFACTOR_ONE_MINUS_DST_ALPHA	10
V	SDL_GPUBlendFactor	SDL_GPU_BLENDFACTOR_CONSTANT_COLOR	BLENDFACTOR_CONSTANT_COLOR	11
V	SDL_GPUBlendFactor	SDL_GPU_BLENDFACTOR_ONE_MINUS_CONSTANT_COLOR	BLENDFACTOR_ONE_MINUS_CONSTANT_COLOR	12
V	SDL_GPUBlendFactor	SDL_GPU_BLENDFACTOR_SRC_ALPHA_SATURATE	BLENDFACTOR_SRC_ALPHA_SATURATE	13
E	SDL_GPUFilter	4	4
V	SDL_GPUFilter	SDL_GPU_FILTER_NEAREST	FILTER_NEAREST	0
V	SDL_GPUFilter	SDL_GPU_FILTER_LINEAR	FILTER_LINEAR	1
E	SDL_GPUSamplerMipmapMode	4	4
V	SDL_GPUSamplerMipmapMode	SDL_GPU_SAMPLERMIPMAPMODE_NEAREST	SAMPLERMIPMAPMODE_NEAREST	0
V	SDL_GPUSamplerMipmapMode	SDL_GPU_SAMPLERMIPMAPMODE_LINEAR	SAMPLERMIPMAPMODE_LINEAR	1
E	SDL_GPUSamplerAddressMode	4	4
V	SDL_GPUSamplerAddressMode	SDL_GPU_SAMPLERADDRESSMODE_REPEAT	SAMPLERADDRESSMODE_REPEAT	0
V	SDL_GPUSamplerAddressMode	SDL_GPU_SAMPLERADDRESSMODE_MIRRORED_REPEAT	SAMPLERADDRESSMODE_MIRRORED_REPEAT	1
V	SDL_GPUSamplerAddressMode	SDL_GPU_SAMPLERADDRESSMODE_CLAMP_TO_EDGE	SAMPLERADDRESSMODE_CLAMP_TO_EDGE	2
E	SDL_GPUPresentMode	4	4
V	SDL_GPUPresentMode	SDL_GPU_PRESENTMODE_VSYNC	PRESENTMODE_VSYNC	0
V	SDL_GPUPresentMode	SDL_GPU_PRESENTMODE_IMMEDIATE	PRESENTMODE_IMMEDIATE	1
V	SDL_GPUPresentMode	SDL_GPU_PRESENTMODE_MAILBOX	PRESENTMODE_MAILBOX	2
E	SDL_GPUSwapchainComposition	4	4
V	SDL_GPUSwapchainComposition	SDL_GPU_SWAPCHAINCOMPOSITION_SDR	SWAPCHAINCOMPOSITION_SDR	0
V	SDL_GPUSwapchainComposition	SDL_GPU_SWAPCHAINCOMPOSITION_SDR_LINEAR	SWAPCHAINCOMPOSITION_SDR_LINEAR	1
V	SDL_GPUSwapchainComposition	SDL_GPU_SWAPCHAINCOMPOSITION_HDR_EXTENDED_LINEAR	SWAPCHAINCOMPOSITION_HDR_EXTENDED_LINEAR	2
V	SDL_GPUSwapchainComposition	SDL_GPU_SWAPCHAINCOMPOSITION_HDR10_ST2084	SWAPCHAINCOMPOSITION_HDR10_ST2084	3
S	SDL_GPUViewport	24	4
F	SDL_GPUViewport	x	x	0
F	SDL_GPUViewport	y	y	4
F	SDL_GPUViewport	w	w	8
F	SDL_GPUViewport	h	h	12
F	SDL_GPUViewport	min_depth	min_depth	16
F	SDL_GPUViewport	max_depth	max_depth	20
S	SDL_GPUTextureTransferInfo	24	8
F	SDL_GPUTextureTransferInfo	transfer_buffer	transfer_buffer	0
F	SDL_GPUTextureTransferInfo	offset	offset	8
F	SDL_GPUTextureTransferInfo	pixels_per_row	pixels_per_row	12
F	SDL_GPUTextureTransferInfo	rows_per_layer	rows_per_layer	16
S	SDL_GPUTransferBufferLocation	16	8
F	SDL_GPUTransferBufferLocation	transfer_buffer	transfer_buffer	0
F	SDL_GPUTransferBufferLocation	offset	offset	8
S	SDL_GPUTextureLocation	32	8
F	SDL_GPUTextureLocation	texture	texture	0
F	SDL_GPUTextureLocation	mip_level	mip_level	8
F	SDL_GPUTextureLocation	layer	layer	12
F	SDL_GPUTextureLocation	x	x	16
F	SDL_GPUTextureLocation	y	y	20
F	SDL_GPUTextureLocation	z	z	24
S	SDL_GPUTextureRegion	40	8
F	SDL_GPUTextureRegion	texture	texture	0
F	SDL_GPUTextureRegion	mip_level	mip_level	8
F	SDL_GPUTextureRegion	layer	layer	12
F	SDL_GPUTextureRegion	x	x	16
F	SDL_GPUTextureRegion	y	y	20
F	SDL_GPUTextureRegion	z	z	24
F	SDL_GPUTextureRegion	w	w	28
F	SDL_GPUTextureRegion	h	h	32
F	SDL_GPUTextureRegion	d	d	36
S	SDL_GPUBlitRegion	32	8
F	SDL_GPUBlitRegion	texture	texture	0
F	SDL_GPUBlitRegion	mip_level	mip_level	8
F	SDL_GPUBlitRegion	layer_or_depth_plane	layer_or_depth_plane	12
F	SDL_GPUBlitRegion	x	x	16
F	SDL_GPUBlitRegion	y	y	20
F	SDL_GPUBlitRegion	w	w	24
F	SDL_GPUBlitRegion	h	h	28
S	SDL_GPUBufferLocation	16	8
F	SDL_GPUBufferLocation	buffer	buffer	0
F	SDL_GPUBufferLocation	offset	offset	8
S	SDL_GPUBufferRegion	16	8
F	SDL_GPUBufferRegion	buffer	buffer	0
F	SDL_GPUBufferRegion	offset	offset	8
F	SDL_GPUBufferRegion	size	size	12
S	SDL_GPUIndirectDrawCommand	16	4
F	SDL_GPUIndirectDrawCommand	num_vertices	num_vertices	0
F	SDL_GPUIndirectDrawCommand	num_instances	num_instances	4
F	SDL_GPUIndirectDrawCommand	first_vertex	first_vertex	8
F	SDL_GPUIndirectDrawCommand	first_instance	first_instance	12
S	SDL_GPUIndexedIndirectDrawCommand	20	4
F	SDL_GPUIndexedIndirectDrawCommand	num_indices	num_indices	0
F	SDL_GPUIndexedIndirectDrawCommand	num_instances	num_instances	4
F	SDL_GPUIndexedIndirectDrawCommand	first_index	first_index	8
F	SDL_GPUIndexedIndirectDrawCommand	vertex_offset	vertex_offset	12
F	SDL_GPUIndexedIndirectDrawCommand	first_instance	first_instance	16
S	SDL_GPUIndirectDispatchCommand	12	4
F	SDL_GPUIndirectDispatchCommand	groupcount_x	groupcount_x	0
F	SDL_GPUIndirectDispatchCommand	groupcount_y	groupcount_y	4
F	SDL_GPUIndirectDispatchCommand	groupcount_z	groupcount_z	8
S	SDL_GPUSamplerCreateInfo	52	4
F	SDL_GPUSamplerCreateInfo	min_filter	min_filter	0
F	SDL_GPUSamplerCreateInfo	mag_filter	mag_filter	4
F	SDL_GPUSamplerCreateInfo	mipmap_mode	mipmap_mode	8
F	SDL_GPUSamplerCreateInfo	address_mode_u	address_mode_u	12
F	SDL_GPUSamplerCreateInfo	address_mode_v	address_mode_v	16
F	SDL_GPUSamplerCreateInfo	address_mode_w	address_mode_w	20
F	SDL_GPUSamplerCreateInfo	mip_lod_bias	mip_lod_bias	24
F	SDL_GPUSamplerCreateInfo	max_anisotropy	max_anisotropy	28
F	SDL_GPUSamplerCreateInfo	compare_op	compare_op	32
F	SDL_GPUSamplerCreateInfo	min_lod	min_lod	36
F	SDL_GPUSamplerCreateInfo	max_lod	max_lod	40
F	SDL_GPUSamplerCreateInfo	enable_anisotropy	enable_anisotropy	44
F	SDL_GPUSamplerCreateInfo	enable_compare	enable_compare	45
F	SDL_GPUSamplerCreateInfo	props	props	48
S	SDL_GPUVertexBufferDescription	16	4
F	SDL_GPUVertexBufferDescription	slot	slot	0
F	SDL_GPUVertexBufferDescription	pitch	pitch	4
F	SDL_GPUVertexBufferDescription	input_rate	input_rate	8
F	SDL_GPUVertexBufferDescription	instance_step_rate	instance_step_rate	12
S	SDL_GPUVertexAttribute	16	4
F	SDL_GPUVertexAttribute	location	location	0
F	SDL_GPUVertexAttribute	buffer_slot	buffer_slot	4
F	SDL_GPUVertexAttribute	format	format	8
F	SDL_GPUVertexAttribute	offset	offset	12
S	SDL_GPUVertexInputState	32	8
F	SDL_GPUVertexInputState	vertex_buffer_descriptions	vertex_buffer_descriptions	0
F	SDL_GPUVertexInputState	num_vertex_buffers	num_vertex_buffers	8
F	SDL_GPUVertexInputState	vertex_attributes	vertex_attributes	16
F	SDL_GPUVertexInputState	num_vertex_attributes	num_vertex_attributes	24
S	SDL_GPUStencilOpState	16	4
F	SDL_GPUStencilOpState	fail_op	fail_op	0
F	SDL_GPUStencilOpState	pass_op	pass_op	4
F	SDL_GPUStencilOpState	depth_fail_op	depth_fail_op	8
F	SDL_GPUStencilOpState	compare_op	compare_op	12
S	SDL_GPUColorTargetBlendState	32	4
F	SDL_GPUColorTargetBlendState	src_color_blendfactor	src_color_blendfactor	0
F	SDL_GPUColorTargetBlendState	dst_color_blendfactor	dst_color_blendfactor	4
F	SDL_GPUColorTargetBlendState	color_blend_op	color_blend_op	8
F	SDL_GPUColorTargetBlendState	src_alpha_blendfactor	src_alpha_blendfactor	12
F	SDL_GPUColorTargetBlendState	dst_alpha_blendfactor	dst_alpha_blendfactor	16
F	SDL_GPUColorTargetBlendState	alpha_blend_op	alpha_blend_op	20
F	SDL_GPUColorTargetBlendState	color_write_mask	color_write_mask	24
F	SDL_GPUColorTargetBlendState	enable_blend	enable_blend	25
F	SDL_GPUColorTargetBlendState	enable_color_write_mask	enable_color_write_mask	26
S	SDL_GPUShaderCreateInfo	56	8
F	SDL_GPUShaderCreateInfo	code_size	code_size	0
F	SDL_GPUShaderCreateInfo	code	code	8
F	SDL_GPUShaderCreateInfo	entrypoint	entrypoint	16
F	SDL_GPUShaderCreateInfo	format	format	24
F	SDL_GPUShaderCreateInfo	stage	stage	28
F	SDL_GPUShaderCreateInfo	num_samplers	num_samplers	32
F	SDL_GPUShaderCreateInfo	num_storage_textures	num_storage_textures	36
F	SDL_GPUShaderCreateInfo	num_storage_buffers	num_storage_buffers	40
F	SDL_GPUShaderCreateInfo	num_uniform_buffers	num_uniform_buffers	44
F	SDL_GPUShaderCreateInfo	props	props	48
S	SDL_GPUTextureCreateInfo	36	4
F	SDL_GPUTextureCreateInfo	type	texture_type	0
F	SDL_GPUTextureCreateInfo	format	format	4
F	SDL_GPUTextureCreateInfo	usage	usage	8
F	SDL_GPUTextureCreateInfo	width	width	12
F	SDL_GPUTextureCreateInfo	height	height	16
F	SDL_GPUTextureCreateInfo	layer_count_or_depth	layer_count_or_depth	20
F	SDL_GPUTextureCreateInfo	num_levels	num_levels	24
F	SDL_GPUTextureCreateInfo	sample_count	sample_count	28
F	SDL_GPUTextureCreateInfo	props	props	32
S	SDL_GPUBufferCreateInfo	12	4
F	SDL_GPUBufferCreateInfo	usage	usage	0
F	SDL_GPUBufferCreateInfo	size	size	4
F	SDL_GPUBufferCreateInfo	props	props	8
S	SDL_GPUTransferBufferCreateInfo	12	4
F	SDL_GPUTransferBufferCreateInfo	usage	usage	0
F	SDL_GPUTransferBufferCreateInfo	size	size	4
F	SDL_GPUTransferBufferCreateInfo	props	props	8
S	SDL_GPURasterizerState	28	4
F	SDL_GPURasterizerState	fill_mode	fill_mode	0
F	SDL_GPURasterizerState	cull_mode	cull_mode	4
F	SDL_GPURasterizerState	front_face	front_face	8
F	SDL_GPURasterizerState	depth_bias_constant_factor	depth_bias_constant_factor	12
F	SDL_GPURasterizerState	depth_bias_clamp	depth_bias_clamp	16
F	SDL_GPURasterizerState	depth_bias_slope_factor	depth_bias_slope_factor	20
F	SDL_GPURasterizerState	enable_depth_bias	enable_depth_bias	24
F	SDL_GPURasterizerState	enable_depth_clip	enable_depth_clip	25
S	SDL_GPUMultisampleState	12	4
F	SDL_GPUMultisampleState	sample_count	sample_count	0
F	SDL_GPUMultisampleState	sample_mask	sample_mask	4
F	SDL_GPUMultisampleState	enable_mask	enable_mask	8
S	SDL_GPUDepthStencilState	44	4
F	SDL_GPUDepthStencilState	compare_op	compare_op	0
F	SDL_GPUDepthStencilState	back_stencil_state	back_stencil_state	4
F	SDL_GPUDepthStencilState	front_stencil_state	front_stencil_state	20
F	SDL_GPUDepthStencilState	compare_mask	compare_mask	36
F	SDL_GPUDepthStencilState	write_mask	write_mask	37
F	SDL_GPUDepthStencilState	enable_depth_test	enable_depth_test	38
F	SDL_GPUDepthStencilState	enable_depth_write	enable_depth_write	39
F	SDL_GPUDepthStencilState	enable_stencil_test	enable_stencil_test	40
S	SDL_GPUColorTargetDescription	36	4
F	SDL_GPUColorTargetDescription	format	format	0
F	SDL_GPUColorTargetDescription	blend_state	blend_state	4
S	SDL_GPUGraphicsPipelineTargetInfo	24	8
F	SDL_GPUGraphicsPipelineTargetInfo	color_target_descriptions	color_target_descriptions	0
F	SDL_GPUGraphicsPipelineTargetInfo	num_color_targets	num_color_targets	8
F	SDL_GPUGraphicsPipelineTargetInfo	depth_stencil_format	depth_stencil_format	12
F	SDL_GPUGraphicsPipelineTargetInfo	has_depth_stencil_target	has_depth_stencil_target	16
S	SDL_GPUGraphicsPipelineCreateInfo	168	8
F	SDL_GPUGraphicsPipelineCreateInfo	vertex_shader	vertex_shader	0
F	SDL_GPUGraphicsPipelineCreateInfo	fragment_shader	fragment_shader	8
F	SDL_GPUGraphicsPipelineCreateInfo	vertex_input_state	vertex_input_state	16
F	SDL_GPUGraphicsPipelineCreateInfo	primitive_type	primitive_type	48
F	SDL_GPUGraphicsPipelineCreateInfo	rasterizer_state	rasterizer_state	52
F	SDL_GPUGraphicsPipelineCreateInfo	multisample_state	multisample_state	80
F	SDL_GPUGraphicsPipelineCreateInfo	depth_stencil_state	depth_stencil_state	92
F	SDL_GPUGraphicsPipelineCreateInfo	target_info	target_info	136
F	SDL_GPUGraphicsPipelineCreateInfo	props	props	160
S	SDL_GPUComputePipelineCreateInfo	72	8
F	SDL_GPUComputePipelineCreateInfo	code_size	code_size	0
F	SDL_GPUComputePipelineCreateInfo	code	code	8
F	SDL_GPUComputePipelineCreateInfo	entrypoint	entrypoint	16
F	SDL_GPUComputePipelineCreateInfo	format	format	24
F	SDL_GPUComputePipelineCreateInfo	num_samplers	num_samplers	28
F	SDL_GPUComputePipelineCreateInfo	num_readonly_storage_textures	num_readonly_storage_textures	32
F	SDL_GPUComputePipelineCreateInfo	num_readonly_storage_buffers	num_readonly_storage_buffers	36
F	SDL_GPUComputePipelineCreateInfo	num_readwrite_storage_textures	num_readwrite_storage_textures	40
F	SDL_GPUComputePipelineCreateInfo	num_readwrite_storage_buffers	num_readwrite_storage_buffers	44
F	SDL_GPUComputePipelineCreateInfo	num_uniform_buffers	num_uniform_buffers	48
F	SDL_GPUComputePipelineCreateInfo	threadcount_x	threadcount_x	52
F	SDL_GPUComputePipelineCreateInfo	threadcount_y	threadcount_y	56
F	SDL_GPUComputePipelineCreateInfo	threadcount_z	threadcount_z	60
F	SDL_GPUComputePipelineCreateInfo	props	props	64
S	SDL_GPUColorTargetInfo	64	8
F	SDL_GPUColorTargetInfo	texture	texture	0
F	SDL_GPUColorTargetInfo	mip_level	mip_level	8
F	SDL_GPUColorTargetInfo	layer_or_depth_plane	layer_or_depth_plane	12
F	SDL_GPUColorTargetInfo	clear_color	clear_color	16
F	SDL_GPUColorTargetInfo	load_op	load_op	32
F	SDL_GPUColorTargetInfo	store_op	store_op	36
F	SDL_GPUColorTargetInfo	resolve_texture	resolve_texture	40
F	SDL_GPUColorTargetInfo	resolve_mip_level	resolve_mip_level	48
F	SDL_GPUColorTargetInfo	resolve_layer	resolve_layer	52
F	SDL_GPUColorTargetInfo	cycle	cycle	56
F	SDL_GPUColorTargetInfo	cycle_resolve_texture	cycle_resolve_texture	57
S	SDL_GPUDepthStencilTargetInfo	32	8
F	SDL_GPUDepthStencilTargetInfo	texture	texture	0
F	SDL_GPUDepthStencilTargetInfo	clear_depth	clear_depth	8
F	SDL_GPUDepthStencilTargetInfo	load_op	load_op	12
F	SDL_GPUDepthStencilTargetInfo	store_op	store_op	16
F	SDL_GPUDepthStencilTargetInfo	stencil_load_op	stencil_load_op	20
F	SDL_GPUDepthStencilTargetInfo	stencil_store_op	stencil_store_op	24
F	SDL_GPUDepthStencilTargetInfo	cycle	cycle	28
F	SDL_GPUDepthStencilTargetInfo	clear_stencil	clear_stencil	29
S	SDL_GPUBlitInfo	96	8
F	SDL_GPUBlitInfo	source	source	0
F	SDL_GPUBlitInfo	destination	destination	32
F	SDL_GPUBlitInfo	load_op	load_op	64
F	SDL_GPUBlitInfo	clear_color	clear_color	68
F	SDL_GPUBlitInfo	flip_mode	flip_mode	84
F	SDL_GPUBlitInfo	filter	filter	88
F	SDL_GPUBlitInfo	cycle	cycle	92
S	SDL_GPUBufferBinding	16	8
F	SDL_GPUBufferBinding	buffer	buffer	0
F	SDL_GPUBufferBinding	offset	offset	8
S	SDL_GPUTextureSamplerBinding	16	8
F	SDL_GPUTextureSamplerBinding	texture	texture	0
F	SDL_GPUTextureSamplerBinding	sampler	sampler	8
S	SDL_GPUStorageBufferReadWriteBinding	16	8
F	SDL_GPUStorageBufferReadWriteBinding	buffer	buffer	0
F	SDL_GPUStorageBufferReadWriteBinding	cycle	cycle	8
S	SDL_GPUStorageTextureReadWriteBinding	24	8
F	SDL_GPUStorageTextureReadWriteBinding	texture	texture	0
F	SDL_GPUStorageTextureReadWriteBinding	mip_level	mip_level	8
F	SDL_GPUStorageTextureReadWriteBinding	layer	layer	12
F	SDL_GPUStorageTextureReadWriteBinding	cycle	cycle	16
S	SDL_Vertex	32	4
F	SDL_Vertex	position	position	0
F	SDL_Vertex	color	color	8
F	SDL_Vertex	tex_coord	tex_coord	24
K	SDL_GPU_FILTER_NEAREST	uint32_t	0x0
K	SDL_GPU_FILTER_LINEAR	uint32_t	0x1
K	SDL_GPU_PRESENTMODE_VSYNC	uint32_t	0x0
K	SDL_GPU_PRESENTMODE_IMMEDIATE	uint32_t	0x1
K	SDL_GPU_PRESENTMODE_MAILBOX	uint32_t	0x2
K	SDL_GPU_SWAPCHAINCOMPOSITION_SDR	uint32_t	0x0
K	SDL_GPU_SWAPCHAINCOMPOSITION_SDR_LINEAR	uint32_t	0x1
K	SDL_GPU_SWAPCHAINCOMPOSITION_HDR_EXTENDED_LINEAR	uint32_t	0x2
K	SDL_GPU_SWAPCHAINCOMPOSITION_HDR10_ST2084	uint32_t	0x3
K	SDL_GPU_TEXTUREFORMAT_INVALID	uint32_t	0x0
K	SDL_GPU_TEXTUREFORMAT_A8_UNORM	uint32_t	0x1
K	SDL_GPU_TEXTUREFORMAT_R8_UNORM	uint32_t	0x2
K	SDL_GPU_TEXTUREFORMAT_R8G8_UNORM	uint32_t	0x3
K	SDL_GPU_TEXTUREFORMAT_R8G8B8A8_UNORM	uint32_t	0x4
K	SDL_GPU_TEXTUREFORMAT_R16_UNORM	uint32_t	0x5
K	SDL_GPU_TEXTUREFORMAT_R16G16_UNORM	uint32_t	0x6
K	SDL_GPU_TEXTUREFORMAT_R16G16B16A16_UNORM	uint32_t	0x7
K	SDL_GPU_TEXTUREFORMAT_R10G10B10A2_UNORM	uint32_t	0x8
K	SDL_GPU_TEXTUREFORMAT_B5G6R5_UNORM	uint32_t	0x9
K	SDL_GPU_TEXTUREFORMAT_B5G5R5A1_UNORM	uint32_t	0xa
K	SDL_GPU_TEXTUREFORMAT_B4G4R4A4_UNORM	uint32_t	0xb
K	SDL_GPU_TEXTUREFORMAT_B8G8R8A8_UNORM	uint32_t	0xc
K	SDL_GPU_TEXTUREFORMAT_BC1_RGBA_UNORM	uint32_t	0xd
K	SDL_GPU_TEXTUREFORMAT_BC2_RGBA_UNORM	uint32_t	0xe
K	SDL_GPU_TEXTUREFORMAT_BC3_RGBA_UNORM	uint32_t	0xf
K	SDL_GPU_TEXTUREFORMAT_BC4_R_UNORM	uint32_t	0x10
K	SDL_GPU_TEXTUREFORMAT_BC5_RG_UNORM	uint32_t	0x11
K	SDL_GPU_TEXTUREFORMAT_BC7_RGBA_UNORM	uint32_t	0x12
K	SDL_GPU_TEXTUREFORMAT_BC6H_RGB_FLOAT	uint32_t	0x13
K	SDL_GPU_TEXTUREFORMAT_BC6H_RGB_UFLOAT	uint32_t	0x14
K	SDL_GPU_TEXTUREFORMAT_R8_SNORM	uint32_t	0x15
K	SDL_GPU_TEXTUREFORMAT_R8G8_SNORM	uint32_t	0x16
K	SDL_GPU_TEXTUREFORMAT_R8G8B8A8_SNORM	uint32_t	0x17
K	SDL_GPU_TEXTUREFORMAT_R16_SNORM	uint32_t	0x18
K	SDL_GPU_TEXTUREFORMAT_R16G16_SNORM	uint32_t	0x19
K	SDL_GPU_TEXTUREFORMAT_R16G16B16A16_SNORM	uint32_t	0x1a
K	SDL_GPU_TEXTUREFORMAT_R16_FLOAT	uint32_t	0x1b
K	SDL_GPU_TEXTUREFORMAT_R16G16_FLOAT	uint32_t	0x1c
K	SDL_GPU_TEXTUREFORMAT_R16G16B16A16_FLOAT	uint32_t	0x1d
K	SDL_GPU_TEXTUREFORMAT_R32_FLOAT	uint32_t	0x1e
K	SDL_GPU_TEXTUREFORMAT_R32G32_FLOAT	uint32_t	0x1f
K	SDL_GPU_TEXTUREFORMAT_R32G32B32A32_FLOAT	uint32_t	0x20
K	SDL_GPU_TEXTUREFORMAT_R11G11B10_UFLOAT	uint32_t	0x21
K	SDL_GPU_TEXTUREFORMAT_R8_UINT	uint32_t	0x22
K	SDL_GPU_TEXTUREFORMAT_R8G8_UINT	uint32_t	0x23
K	SDL_GPU_TEXTUREFORMAT_R8G8B8A8_UINT	uint32_t	0x24
K	SDL_GPU_TEXTUREFORMAT_R16_UINT	uint32_t	0x25
K	SDL_GPU_TEXTUREFORMAT_R16G16_UINT	uint32_t	0x26
K	SDL_GPU_TEXTUREFORMAT_R16G16B16A16_UINT	uint32_t	0x27
K	SDL_GPU_TEXTUREFORMAT_R32_UINT	uint32_t	0x28
K	SDL_GPU_TEXTUREFORMAT_R32G32_UINT	uint32_t	0x29
K	SDL_GPU_TEXTUREFORMAT_R32G32B32A32_UINT	uint32_t	0x2a
K	SDL_GPU_TEXTUREFORMAT_R8_INT	uint32_t	0x2b
K	SDL_GPU_TEXTUREFORMAT_R8G8_INT	uint32_t	0x2c
K	SDL_GPU_TEXTUREFORMAT_R8G8B8A8_INT	uint32_t	0x2d
K	SDL_GPU_TEXTUREFORMAT_R16_INT	uint32_t	0x2e
K	SDL_GPU_TEXTUREFORMAT_R16G16_INT	uint32_t	0x2f
K	SDL_GPU_TEXTUREFORMAT_R16G16B16A16_INT	uint32_t	0x30
K	SDL_GPU_TEXTUREFORMAT_R32_INT	uint32_t	0x31
K	SDL_GPU_TEXTUREFORMAT_R32G32_INT	uint32_t	0x32
K	SDL_GPU_TEXTUREFORMAT_R32G32B32A32_INT	uint32_t	0x33
K	SDL_GPU_TEXTUREFORMAT_R8G8B8A8_UNORM_SRGB	uint32_t	0x34
K	SDL_GPU_TEXTUREFORMAT_B8G8R8A8_UNORM_SRGB	uint32_t	0x35
K	SDL_GPU_TEXTUREFORMAT_BC1_RGBA_UNORM_SRGB	uint32_t	0x36
K	SDL_GPU_TEXTUREFORMAT_BC2_RGBA_UNORM_SRGB	uint32_t	0x37
K	SDL_GPU_TEXTUREFORMAT_BC3_RGBA_UNORM_SRGB	uint32_t	0x38
K	SDL_GPU_TEXTUREFORMAT_BC7_RGBA_UNORM_SRGB	uint32_t	0x39
K	SDL_GPU_TEXTUREFORMAT_D16_UNORM	uint32_t	0x3a
K	SDL_GPU_TEXTUREFORMAT_D24_UNORM	uint32_t	0x3b
K	SDL_GPU_TEXTUREFORMAT_D32_FLOAT	uint32_t	0x3c
K	SDL_GPU_TEXTUREFORMAT_D24_UNORM_S8_UINT	uint32_t	0x3d
K	SDL_GPU_TEXTUREFORMAT_D32_FLOAT_S8_UINT	uint32_t	0x3e
K	SDL_GPU_TEXTUREFORMAT_ASTC_4x4_UNORM	uint32_t	0x3f
K	SDL_GPU_TEXTUREFORMAT_ASTC_5x4_UNORM	uint32_t	0x40
K	SDL_GPU_TEXTUREFORMAT_ASTC_5x5_UNORM	uint32_t	0x41
K	SDL_GPU_TEXTUREFORMAT_ASTC_6x5_UNORM	uint32_t	0x42
K	SDL_GPU_TEXTUREFORMAT_ASTC_6x6_UNORM	uint32_t	0x43
K	SDL_GPU_TEXTUREFORMAT_ASTC_8x5_UNORM	uint32_t	0x44
K	SDL_GPU_TEXTUREFORMAT_ASTC_8x6_UNORM	uint32_t	0x45
K	SDL_GPU_TEXTUREFORMAT_ASTC_8x8_UNORM	uint32_t	0x46
K	SDL_GPU_TEXTUREFORMAT_ASTC_10x5_UNORM	uint32_t	0x47
K	SDL_GPU_TEXTUREFORMAT_ASTC_10x6_UNORM	uint32_t	0x48
K	SDL_GPU_TEXTUREFORMAT_ASTC_10x8_UNORM	uint32_t	0x49
K	SDL_GPU_TEXTUREFORMAT_ASTC_10x10_UNORM	uint32_t	0x4a
K	SDL_GPU_TEXTUREFORMAT_ASTC_12x10_UNORM	uint32_t	0x4b
K	SDL_GPU_TEXTUREFORMAT_ASTC_12x12_UNORM	uint32_t	0x4c
K	SDL_GPU_TEXTUREFORMAT_ASTC_4x4_UNORM_SRGB	uint32_t	0x4d
K	SDL_GPU_TEXTUREFORMAT_ASTC_5x4_UNORM_SRGB	uint32_t	0x4e
K	SDL_GPU_TEXTUREFORMAT_ASTC_5x5_UNORM_SRGB	uint32_t	0x4f
K	SDL_GPU_TEXTUREFORMAT_ASTC_6x5_UNORM_SRGB	uint32_t	0x50
K	SDL_GPU_TEXTUREFORMAT_ASTC_6x6_UNORM_SRGB	uint32_t	0x51
K	SDL_GPU_TEXTUREFORMAT_ASTC_8x5_UNORM_SRGB	uint32_t	0x52
K	SDL_GPU_TEXTUREFORMAT_ASTC_8x6_UNORM_SRGB	uint32_t	0x53
K	SDL_GPU_TEXTUREFORMAT_ASTC_8x8_UNORM_SRGB	uint32_t	0x54
K	SDL_GPU_TEXTUREFORMAT_ASTC_10x5_UNORM_SRGB	uint32_t	0x55
K	SDL_GPU_TEXTUREFORMAT_ASTC_10x6_UNORM_SRGB	uint32_t	0x56
K	SDL_GPU_TEXTUREFORMAT_ASTC_10x8_UNORM_SRGB	uint32_t	0x57
K	SDL_GPU_TEXTUREFORMAT_ASTC_10x10_UNORM_SRGB	uint32_t	0x58
K	SDL_GPU_TEXTUREFORMAT_ASTC_12x10_UNORM_SRGB	uint32_t	0x59
K	SDL_GPU_TEXTUREFORMAT_ASTC_12x12_UNORM_SRGB	uint32_t	0x5a
K	SDL_GPU_TEXTUREFORMAT_ASTC_4x4_FLOAT	uint32_t	0x5b
K	SDL_GPU_TEXTUREFORMAT_ASTC_5x4_FLOAT	uint32_t	0x5c
K	SDL_GPU_TEXTUREFORMAT_ASTC_5x5_FLOAT	uint32_t	0x5d
K	SDL_GPU_TEXTUREFORMAT_ASTC_6x5_FLOAT	uint32_t	0x5e
K	SDL_GPU_TEXTUREFORMAT_ASTC_6x6_FLOAT	uint32_t	0x5f
K	SDL_GPU_TEXTUREFORMAT_ASTC_8x5_FLOAT	uint32_t	0x60
K	SDL_GPU_TEXTUREFORMAT_ASTC_8x6_FLOAT	uint32_t	0x61
K	SDL_GPU_TEXTUREFORMAT_ASTC_8x8_FLOAT	uint32_t	0x62
K	SDL_GPU_TEXTUREFORMAT_ASTC_10x5_FLOAT	uint32_t	0x63
K	SDL_GPU_TEXTUREFORMAT_ASTC_10x6_FLOAT	uint32_t	0x64
K	SDL_GPU_TEXTUREFORMAT_ASTC_10x8_FLOAT	uint32_t	0x65
K	SDL_GPU_TEXTUREFORMAT_ASTC_10x10_FLOAT	uint32_t	0x66
K	SDL_GPU_TEXTUREFORMAT_ASTC_12x10_FLOAT	uint32_t	0x67
K	SDL_GPU_TEXTUREFORMAT_ASTC_12x12_FLOAT	uint32_t	0x68
K	SDL_GPU_TEXTURETYPE_2D	uint32_t	0x0
K	SDL_GPU_TEXTURETYPE_2D_ARRAY	uint32_t	0x1
K	SDL_GPU_TEXTURETYPE_3D	uint32_t	0x2
K	SDL_GPU_TEXTURETYPE_CUBE	uint32_t	0x3
K	SDL_GPU_TEXTURETYPE_CUBE_ARRAY	uint32_t	0x4
K	SDL_GPU_SAMPLECOUNT_1	uint32_t	0x0
K	SDL_GPU_SAMPLECOUNT_2	uint32_t	0x1
K	SDL_GPU_SAMPLECOUNT_4	uint32_t	0x2
K	SDL_GPU_SAMPLECOUNT_8	uint32_t	0x3
K	SDL_GPU_TEXTUREUSAGE_SAMPLER	uint32_t	0x1
K	SDL_GPU_TEXTUREUSAGE_COLOR_TARGET	uint32_t	0x2
K	SDL_GPU_TEXTUREUSAGE_DEPTH_STENCIL_TARGET	uint32_t	0x4
K	SDL_GPU_TEXTUREUSAGE_GRAPHICS_STORAGE_READ	uint32_t	0x8
K	SDL_GPU_TEXTUREUSAGE_COMPUTE_STORAGE_READ	uint32_t	0x10
K	SDL_GPU_TEXTUREUSAGE_COMPUTE_STORAGE_WRITE	uint32_t	0x20
K	SDL_GPU_TEXTUREUSAGE_COMPUTE_STORAGE_SIMULTANEOUS_READ_WRITE	uint32_t	0x40
K	SDL_GPU_SHADERFORMAT_SPIRV	uint32_t	0x2
K	SDL_GPU_SHADERFORMAT_DXBC	uint32_t	0x4
K	SDL_GPU_SHADERFORMAT_DXIL	uint32_t	0x8
K	SDL_GPU_SHADERFORMAT_MSL	uint32_t	0x10
K	SDL_GPU_SHADERFORMAT_METALLIB	uint32_t	0x20
K	SDL_GPU_BUFFERUSAGE_VERTEX	uint32_t	0x1
K	SDL_GPU_BUFFERUSAGE_INDEX	uint32_t	0x2
K	SDL_GPU_BUFFERUSAGE_INDIRECT	uint32_t	0x4
K	SDL_GPU_BUFFERUSAGE_GRAPHICS_STORAGE_READ	uint32_t	0x8
K	SDL_GPU_BUFFERUSAGE_COMPUTE_STORAGE_READ	uint32_t	0x10
K	SDL_GPU_BUFFERUSAGE_COMPUTE_STORAGE_WRITE	uint32_t	0x20
K	SDL_INIT_VIDEO	uint32_t	0x20
K	SDL_WINDOW_RESIZABLE	uint64_t	0x20
K	SDL_WINDOW_HIDDEN	uint64_t	0x8
K	SDL_EVENT_QUIT	uint32_t	0x100
K	SDL_EVENT_KEY_DOWN	uint32_t	0x300
K	SDL_EVENT_KEY_UP	uint32_t	0x301
K	SDLK_ESCAPE	uint32_t	0x1b
K	SDL_EVENT_TEXT_INPUT	uint32_t	0x303
K	SDL_EVENT_TEXT_EDITING	uint32_t	0x302
K	SDL_EVENT_MOUSE_MOTION	uint32_t	0x400
K	SDL_EVENT_MOUSE_BUTTON_DOWN	uint32_t	0x401
K	SDL_EVENT_MOUSE_BUTTON_UP	uint32_t	0x402
K	SDL_EVENT_MOUSE_WHEEL	uint32_t	0x403
K	SDL_EVENT_WINDOW_CLOSE_REQUESTED	uint32_t	0x210
K	SDL_BUTTON_LEFT	uint32_t	0x1
K	SDL_BUTTON_MIDDLE	uint32_t	0x2
K	SDL_BUTTON_RIGHT	uint32_t	0x3
K	SDL_BUTTON_LMASK	uint32_t	0x1
K	SDL_BUTTON_MMASK	uint32_t	0x2
K	SDL_BUTTON_RMASK	uint32_t	0x4
K	SDL_KMOD_SHIFT	uint32_t	0x3
K	SDL_KMOD_CTRL	uint32_t	0xc0
K	SDL_KMOD_ALT	uint32_t	0x300
K	SDLK_BACKSPACE	uint32_t	0x8
K	SDLK_RETURN	uint32_t	0xd
K	SDLK_LEFT	uint32_t	0x40000050
K	SDLK_RIGHT	uint32_t	0x4000004f
K	SDLK_UP	uint32_t	0x40000052
K	SDLK_DOWN	uint32_t	0x40000051
K	SDL_SCANCODE_A	int32_t	4
K	SDL_SCANCODE_LEFT	int32_t	80
K	SDL_SCANCODE_RIGHT	int32_t	79
K	SDL_SCANCODE_UP	int32_t	82
K	SDL_SCANCODE_DOWN	int32_t	81
K	SDL_SCANCODE_ESCAPE	int32_t	41
K	SDL_SCANCODE_SPACE	int32_t	44
K	SDL_SCANCODE_COUNT	int32_t	512
K	SDL_INIT_AUDIO	uint32_t	0x10
K	SDL_AUDIO_S16	uint32_t	0x8010
K	SDL_AUDIO_S16LE	uint32_t	0x8010
K	SDL_AUDIO_F32	uint32_t	0x8120
K	SDL_AUDIO_DEVICE_DEFAULT_PLAYBACK	uint32_t	0xffffffff
K	SDL_GPU_COLORCOMPONENT_R	uint32_t	0x1
K	SDL_GPU_COLORCOMPONENT_G	uint32_t	0x2
K	SDL_GPU_COLORCOMPONENT_B	uint32_t	0x4
K	SDL_GPU_COLORCOMPONENT_A	uint32_t	0x8
